age_group,statefip,poverty_rate,ubi
adult,1,0.12149634202078559,0
adult,2,0.12937588252824905,0
adult,4,0.11652525579859972,0
adult,5,0.1330365057739396,0
adult,6,0.16769599049947756,0
adult,8,0.11772159435680925,0
adult,9,0.10715893398752367,0
adult,10,0.10628232641913053,0
adult,11,0.1691008016453689,0
adult,12,0.15344431412943962,0
adult,13,0.13085962817347924,0
adult,15,0.13263156745595242,0
adult,16,0.08728430246855547,0
adult,17,0.11079781722217533,0
adult,18,0.09702168258331123,0
adult,19,0.07252056725074231,0
adult,20,0.07610784239619062,0
adult,21,0.11499632830983275,0
adult,22,0.15615376891491894,0
adult,23,0.09354837923253576,0
adult,24,0.12835858491520064,0
adult,25,0.11694807406500378,0
adult,26,0.09931682408216028,0
adult,27,0.06928591832411825,0
adult,28,0.14873289098594725,0
adult,29,0.08908564587237787,0
adult,30,0.09295590485164273,0
adult,31,0.08937796303183392,0
adult,32,0.13489655025923253,0
adult,33,0.08551415767465882,0
adult,34,0.12758972343257025,0
adult,35,0.1350810164335326,0
adult,36,0.14648388064506115,0
adult,37,0.1321840135185465,0
adult,38,0.09523753933770063,0
adult,39,0.10054859782638703,0
adult,40,0.10867507746895752,0
adult,41,0.11508093220571992,0
adult,42,0.1065649652492036,0
adult,44,0.07603908591799247,0
adult,45,0.12823396603349324,0
adult,46,0.09031165190939938,0
adult,47,0.10902442671605188,0
adult,48,0.13617022614284488,0
adult,49,0.08456517684985725,0
adult,50,0.10143477473986963,0
adult,51,0.11330719387103429,0
adult,53,0.08239610820400131,0
adult,54,0.12304941755565445,0
adult,55,0.07791470858887706,0
adult,56,0.10232688214889155,0
child,1,0.1480880529062801,0
child,2,0.1434824648381318,0
child,4,0.13011871781991013,0
child,5,0.12455461901260845,0
child,6,0.19611608418192744,0
child,8,0.11426658872805338,0
child,9,0.1361719776907772,0
child,10,0.10446648228776158,0
child,11,0.17273340619684383,0
child,12,0.183897054291605,0
child,13,0.1548079214684841,0
child,15,0.15579041121495593,0
child,16,0.07068037080272094,0
child,17,0.12461559415644623,0
child,18,0.12634314822174683,0
child,19,0.08098375285705657,0
child,20,0.07283059305105355,0
child,21,0.10306811491355024,0
child,22,0.19481613600556655,0
child,23,0.09558038617851207,0
child,24,0.11249040194593342,0
child,25,0.10660655585566338,0
child,26,0.10493747289913348,0
child,27,0.05308249193465335,0
child,28,0.17046693877535699,0
child,29,0.08841729791953855,0
child,30,0.080390414566317,0
child,31,0.0971094658690989,0
child,32,0.13739565251922378,0
child,33,0.08107633281934379,0
child,34,0.13755494449664488,0
child,35,0.1390355845783609,0
child,36,0.17207990500273238,0
child,37,0.1488266320322331,0
child,38,0.09788994090906393,0
child,39,0.11298411217043772,0
child,40,0.10126629148005974,0
child,41,0.10305123435468981,0
child,42,0.12976504328755797,0
child,44,0.10143016240695714,0
child,45,0.15055735172455198,0
child,46,0.09117715219279293,0
child,47,0.12108324757955195,0
child,48,0.15346281235589898,0
child,49,0.0761745119067997,0
child,50,0.12404149838153594,0
child,51,0.13356477827362156,0
child,53,0.08842402631899315,0
child,54,0.13437000907647015,0
child,55,0.08162486492330176,0
child,56,0.09262511324332216,0
adult,1,0.10728142075413633,1000
adult,2,0.11873754951729476,1000
adult,4,0.09977409830917074,1000
adult,5,0.11376964727425636,1000
adult,6,0.15376662130111887,1000
adult,8,0.10468471489262518,1000
adult,9,0.0980141039687119,1000
adult,10,0.09233415548720422,1000
adult,11,0.1562068365866988,1000
adult,12,0.13777856082482104,1000
adult,13,0.11693169019013483,1000
adult,15,0.12238399609405348,1000
adult,16,0.07732567901179117,1000
adult,17,0.09983694388814524,1000
adult,18,0.08559368951475203,1000
adult,19,0.06328587468312932,1000
adult,20,0.06590375543692996,1000
adult,21,0.10160474988697109,1000
adult,22,0.13484677701492934,1000
adult,23,0.0803104662231753,1000
adult,24,0.11850679754725531,1000
adult,25,0.10491271117434328,1000
adult,26,0.08797788528986711,1000
adult,27,0.06032290993041533,1000
adult,28,0.13139051516732303,1000
adult,29,0.07872988872739428,1000
adult,30,0.08277706299870363,1000
adult,31,0.07997093935429385,1000
adult,32,0.11915990668518217,1000
adult,33,0.07449170504370498,1000
adult,34,0.11664118991839732,1000
adult,35,0.1122722321189555,1000
adult,36,0.1330489547928044,1000
adult,37,0.11676129603648047,1000
adult,38,0.0870237350806731,1000
adult,39,0.08855430782777961,1000
adult,40,0.09461265543060492,1000
adult,41,0.10474975265416488,1000
adult,42,0.09336281825674554,1000
adult,44,0.06471627867540261,1000
adult,45,0.11796347390797375,1000
adult,46,0.07862258071097869,1000
adult,47,0.0956303184641288,1000
adult,48,0.12318914883949626,1000
adult,49,0.07691049736134555,1000
adult,50,0.08841648459401504,1000
adult,51,0.10159568069916872,1000
adult,53,0.07294828045322115,1000
adult,54,0.10485586114021829,1000
adult,55,0.0698456538722435,1000
adult,56,0.09212135393017215,1000
child,1,0.12308697138748294,1000
child,2,0.11725162234611972,1000
child,4,0.09009649917468725,1000
child,5,0.09118608672191669,1000
child,6,0.1634417178005392,1000
child,8,0.08859816742617409,1000
child,9,0.12097341159088165,1000
child,10,0.08467121567293404,1000
child,11,0.139637175174193,1000
child,12,0.14064763810270697,1000
child,13,0.1304482440167355,1000
child,15,0.12591608540089855,1000
child,16,0.05023552610341069,1000
child,17,0.09688078658339118,1000
child,18,0.10659062869940647,1000
child,19,0.06631636796662375,1000
child,20,0.05040975134565497,1000
child,21,0.08342928873893862,1000
child,22,0.15978517416317414,1000
child,23,0.0715878499528904,1000
child,24,0.09249224724592277,1000
child,25,0.08288021529663406,1000
child,26,0.0838290317401336,1000
child,27,0.04037048959778103,1000
child,28,0.12833396968022914,1000
child,29,0.06703098816854641,1000
child,30,0.06752955663080504,1000
child,31,0.07576803757741017,1000
child,32,0.09724408470251222,1000
child,33,0.06579739153721502,1000
child,34,0.11802420255111501,1000
child,35,0.10416532240060664,1000
child,36,0.13905538799016934,1000
child,37,0.10429840370384616,1000
child,38,0.07661690237848462,1000
child,39,0.08537539695949138,1000
child,40,0.07768245353763956,1000
child,41,0.07668166801019054,1000
child,42,0.10476702165764028,1000
child,44,0.08391783264803485,1000
child,45,0.12093398593028205,1000
child,46,0.071295309573922,1000
child,47,0.09412024588671077,1000
child,48,0.12196798673335718,1000
child,49,0.06064821093944939,1000
child,50,0.09801541936072125,1000
child,51,0.11494425178790922,1000
child,53,0.06827211136459513,1000
child,54,0.09663773683412961,1000
child,55,0.060025428921012994,1000
child,56,0.06952268371736166,1000
adult,1,0.09332044457228789,2000
adult,2,0.10813810842995739,2000
adult,4,0.08712926406803104,2000
adult,5,0.09635136992948756,2000
adult,6,0.14159441533964637,2000
adult,8,0.09721561778247438,2000
adult,9,0.08995183915332966,2000
adult,10,0.08093689798581273,2000
adult,11,0.14438784888016176,2000
adult,12,0.12280220910607771,2000
adult,13,0.104402143318089,2000
adult,15,0.11172614660345004,2000
adult,16,0.06887863550985578,2000
adult,17,0.0900054023922171,2000
adult,18,0.0738698351296903,2000
adult,19,0.05852815078550996,2000
adult,20,0.0581621349777963,2000
adult,21,0.08903557164141652,2000
adult,22,0.11743467726599446,2000
adult,23,0.06976907880337832,2000
adult,24,0.10964987963366227,2000
adult,25,0.09424144449376388,2000
adult,26,0.0769436631921139,2000
adult,27,0.05101552802041514,2000
adult,28,0.11506882877558475,2000
adult,29,0.06953410478362748,2000
adult,30,0.07078816913320522,2000
adult,31,0.07232545718927413,2000
adult,32,0.10668153814180432,2000
adult,33,0.06713317267978142,2000
adult,34,0.10624350542205131,2000
adult,35,0.0962446846229863,2000
adult,36,0.11933374045853151,2000
adult,37,0.10254832620136765,2000
adult,38,0.07582838638959813,2000
adult,39,0.07720507409057277,2000
adult,40,0.08218682656396431,2000
adult,41,0.09208011373365746,2000
adult,42,0.08175956198410358,2000
adult,44,0.05638366553212062,2000
adult,45,0.10519244737084442,2000
adult,46,0.0671376005488237,2000
adult,47,0.07988589978874558,2000
adult,48,0.11046016436532807,2000
adult,49,0.06860355158783392,2000
adult,50,0.07962028170986085,2000
adult,51,0.09336830622196057,2000
adult,53,0.0663603987293971,2000
adult,54,0.08738202513573363,2000
adult,55,0.061400722021917764,2000
adult,56,0.08189782509984896,2000
child,1,0.0890188787195668,2000
child,2,0.09685829140301769,2000
child,4,0.061731054772400935,2000
child,5,0.07627617819316071,2000
child,6,0.1307813747969028,2000
child,8,0.06628883228297779,2000
child,9,0.10499268241129932,2000
child,10,0.06254745332352757,2000
child,11,0.11199570293801299,2000
child,12,0.10858048861086997,2000
child,13,0.10064997087799304,2000
child,15,0.10127548071947455,2000
child,16,0.03380116072530825,2000
child,17,0.07333706316066375,2000
child,18,0.08086325100763068,2000
child,19,0.05011203074230408,2000
child,20,0.04224114692698412,2000
child,21,0.06472300179546572,2000
child,22,0.11678862028715589,2000
child,23,0.04941475482333563,2000
child,24,0.07010032338979877,2000
child,25,0.06679945335534115,2000
child,26,0.060182680536245155,2000
child,27,0.03043867288910326,2000
child,28,0.08587240437573902,2000
child,29,0.05143395390849818,2000
child,30,0.055555314821528624,2000
child,31,0.060540087676799775,2000
child,32,0.0780278173212983,2000
child,33,0.05194652962604626,2000
child,34,0.09522675320712518,2000
child,35,0.0773112263853642,2000
child,36,0.11150518235959443,2000
child,37,0.06991460911587899,2000
child,38,0.05714146344100318,2000
child,39,0.061421003882843966,2000
child,40,0.05550640861840426,2000
child,41,0.058475760341964056,2000
child,42,0.08405902277972281,2000
child,44,0.0700815139409926,2000
child,45,0.08464660919957546,2000
child,46,0.05771289198418499,2000
child,47,0.07163549817115812,2000
child,48,0.09283963317841402,2000
child,49,0.047448732078384265,2000
child,50,0.07725720346487314,2000
child,51,0.09249956478890305,2000
child,53,0.0554039313381103,2000
child,54,0.06724681294538552,2000
child,55,0.04040965683787214,2000
child,56,0.04925437562695281,2000
adult,1,0.08233668059569801,3000
adult,2,0.09560545034933292,3000
adult,4,0.07749491415635817,3000
adult,5,0.0841104342768463,3000
adult,6,0.12899983936026424,3000
adult,8,0.08719720354383376,3000
adult,9,0.08078546263877802,3000
adult,10,0.07087218432036656,3000
adult,11,0.1324169999644409,3000
adult,12,0.11010479218988735,3000
adult,13,0.09517959233512535,3000
adult,15,0.10164016051434133,3000
adult,16,0.05995725167456387,3000
adult,17,0.08097527358688728,3000
adult,18,0.06348304529348486,3000
adult,19,0.05362570359660499,3000
adult,20,0.052904453239836564,3000
adult,21,0.07684534247805311,3000
adult,22,0.10530446992680248,3000
adult,23,0.05821828618532195,3000
adult,24,0.10028729196617144,3000
adult,25,0.08558893087450534,3000
adult,26,0.06820339085093828,3000
adult,27,0.04631219784561792,3000
adult,28,0.09845216469186381,3000
adult,29,0.05909244784879713,3000
adult,30,0.061555679978953004,3000
adult,31,0.0630113352566922,3000
adult,32,0.09684872545061146,3000
adult,33,0.05945094120335433,3000
adult,34,0.09801795823713695,3000
adult,35,0.08175165718382293,3000
adult,36,0.10721877027774611,3000
adult,37,0.09232420387901173,3000
adult,38,0.06857540424321901,3000
adult,39,0.0671505324203569,3000
adult,40,0.07165371903139024,3000
adult,41,0.08003747163894556,3000
adult,42,0.07250857675973987,3000
adult,44,0.050134389591043646,3000
adult,45,0.09478317781007177,3000
adult,46,0.06188804528848696,3000
adult,47,0.07069366513311928,3000
adult,48,0.09884170594747625,3000
adult,49,0.05994820063933772,3000
adult,50,0.07035447521870679,3000
adult,51,0.08516493456999655,3000
adult,53,0.061577547935416074,3000
adult,54,0.0746914614940132,3000
adult,55,0.053155760127357364,3000
adult,56,0.0706947494741134,3000
child,1,0.0674004592190841,3000
child,2,0.08198629576694633,3000
child,4,0.04426563881493571,3000
child,5,0.05489558303621525,3000
child,6,0.1003589545776471,3000
child,8,0.054053039189839766,3000
child,9,0.08397602142281262,3000
child,10,0.046220599347645816,3000
child,11,0.08041165455729173,3000
child,12,0.08500508976418863,3000
child,13,0.07581906902822119,3000
child,15,0.07897063180733623,3000
child,16,0.024345326603837206,3000
child,17,0.05983594473691909,3000
child,18,0.059929648355950445,3000
child,19,0.037682135229886164,3000
child,20,0.03404210924404377,3000
child,21,0.04705342756753964,3000
child,22,0.08337308010489423,3000
child,23,0.042703409311005296,3000
child,24,0.054312454117350244,3000
child,25,0.04882931713780929,3000
child,26,0.04697931832947575,3000
child,27,0.02114706792957271,3000
child,28,0.06168823300733226,3000
child,29,0.03596933288550444,3000
child,30,0.044261547861725245,3000
child,31,0.047607806358176484,3000
child,32,0.06384480306873686,3000
child,33,0.03827211775690229,3000
child,34,0.07515892169227692,3000
child,35,0.0555633541086742,3000
child,36,0.08939303542460485,3000
child,37,0.04965635514755134,3000
child,38,0.04471221702313412,3000
child,39,0.045125449567924275,3000
child,40,0.04208767502795619,3000
child,41,0.04783055532980535,3000
child,42,0.06745433270003058,3000
child,44,0.058485734146249836,3000
child,45,0.06464426069947601,3000
child,46,0.04437669174137669,3000
child,47,0.055116320145630185,3000
child,48,0.07166647917739172,3000
child,49,0.03911909369756776,3000
child,50,0.06353321723626236,3000
child,51,0.07106057489052904,3000
child,53,0.04425848177463786,3000
child,54,0.04991493086130879,3000
child,55,0.030809582877081774,3000
child,56,0.0377372586007802,3000
adult,1,0.07331975383118101,4000
adult,2,0.0861973019752368,4000
adult,4,0.06962012575339169,4000
adult,5,0.07097643244878964,4000
adult,6,0.11763833792182153,4000
adult,8,0.07999893427705253,4000
adult,9,0.07265055757072358,4000
adult,10,0.06414192866316919,4000
adult,11,0.12182583677853241,4000
adult,12,0.0980315214999567,4000
adult,13,0.08488101438328755,4000
adult,15,0.09445728161264866,4000
adult,16,0.05485617454097478,4000
adult,17,0.07386570500561469,4000
adult,18,0.05575426909695003,4000
adult,19,0.047511085139959115,4000
adult,20,0.04859847670306275,4000
adult,21,0.06613782991316426,4000
adult,22,0.09290712840423389,4000
adult,23,0.04953366873556003,4000
adult,24,0.09409291577815751,4000
adult,25,0.07667106721925293,4000
adult,26,0.05974644326486218,4000
adult,27,0.04038348526462649,4000
adult,28,0.0855479589691159,4000
adult,29,0.053488285875177795,4000
adult,30,0.0534530903366248,4000
adult,31,0.057368169638960624,4000
adult,32,0.0843161151560533,4000
adult,33,0.05385026264469853,4000
adult,34,0.08770609022753102,4000
adult,35,0.07032883258807426,4000
adult,36,0.09579619118015661,4000
adult,37,0.08032192547633035,4000
adult,38,0.0597674433842381,4000
adult,39,0.05599809911162534,4000
adult,40,0.0628387601549294,4000
adult,41,0.07052843249044892,4000
adult,42,0.06451633941483048,4000
adult,44,0.04444079563174368,4000
adult,45,0.08586930391615942,4000
adult,46,0.05373808745610149,4000
adult,47,0.06144578893283755,4000
adult,48,0.08751389006974963,4000
adult,49,0.05345166684002567,4000
adult,50,0.06038064231597084,4000
adult,51,0.07521172801136718,4000
adult,53,0.056279933000557954,4000
adult,54,0.06481880140968176,4000
adult,55,0.047503295283732344,4000
adult,56,0.06066940498364423,4000
child,1,0.05311279993247926,4000
child,2,0.07135879663432317,4000
child,4,0.0339310663345616,4000
child,5,0.03764698173711128,4000
child,6,0.07743378733863815,4000
child,8,0.04784426742737372,4000
child,9,0.0692889179889751,4000
child,10,0.03692893164105144,4000
child,11,0.06145517617624985,4000
child,12,0.06866462818800306,4000
child,13,0.059970048386742164,4000
child,15,0.06088926313571262,4000
child,16,0.016927561496462056,4000
child,17,0.04584492211060383,4000
child,18,0.044307497848582664,4000
child,19,0.026825705889351327,4000
child,20,0.026961423763084417,4000
child,21,0.03367878230889136,4000
child,22,0.057501119652258875,4000
child,23,0.03126322329581686,4000
child,24,0.04596625912847995,4000
child,25,0.035890264260603044,4000
child,26,0.035775782775183576,4000
child,27,0.016079434860355485,4000
child,28,0.04641154787534283,4000
child,29,0.02446569748220994,4000
child,30,0.03492610114625434,4000
child,31,0.035889236660220834,4000
child,32,0.051092215123051815,4000
child,33,0.026559462426939223,4000
child,34,0.05994280573200174,4000
child,35,0.03739259603098162,4000
child,36,0.0725833871048592,4000
child,37,0.0373599791991605,4000
child,38,0.03493703492210504,4000
child,39,0.03264734806465278,4000
child,40,0.033483266773192584,4000
child,41,0.037469080639935315,4000
child,42,0.054216145380733466,4000
child,44,0.04394693554816163,4000
child,45,0.04699964055508706,4000
child,46,0.03168519795957951,4000
child,47,0.04400231749746999,4000
child,48,0.05390926725669456,4000
child,49,0.03276250397436599,4000
child,50,0.05034404715356605,4000
child,51,0.05638817711075666,4000
child,53,0.034860599364931646,4000
child,54,0.03343316018642152,4000
child,55,0.022785487628647266,4000
child,56,0.02952861493887079,4000
adult,1,0.06597020156172524,5000
adult,2,0.0796705465588311,5000
adult,4,0.06180710119901394,5000
adult,5,0.06121761379686063,5000
adult,6,0.10767018782736687,5000
adult,8,0.07286499010562837,5000
adult,9,0.06731049799363154,5000
adult,10,0.05702436855460612,5000
adult,11,0.11007347175118291,5000
adult,12,0.08748812464396233,5000
adult,13,0.07717714835593593,5000
adult,15,0.08888986862150892,5000
adult,16,0.04536344676625314,5000
adult,17,0.06740384720443626,5000
adult,18,0.048732170926357475,5000
adult,19,0.04157606786743064,5000
adult,20,0.04415993666109601,5000
adult,21,0.0572654102431515,5000
adult,22,0.08252169953673566,5000
adult,23,0.04295571987095376,5000
adult,24,0.08842724431940654,5000
adult,25,0.06914337360379742,5000
adult,26,0.050587727926676096,5000
adult,27,0.03513970154920184,5000
adult,28,0.07599763572156151,5000
adult,29,0.04551511393800277,5000
adult,30,0.04853583812416992,5000
adult,31,0.05112916109013556,5000
adult,32,0.07531168944444827,5000
adult,33,0.04690787547576394,5000
adult,34,0.07917087642870003,5000
adult,35,0.06190959487424054,5000
adult,36,0.08563768572812731,5000
adult,37,0.07015872276333708,5000
adult,38,0.05349944357019646,5000
adult,39,0.04870487749709544,5000
adult,40,0.05556507228797799,5000
adult,41,0.06168872332442664,5000
adult,42,0.05753478735331221,5000
adult,44,0.038817809657819564,5000
adult,45,0.07791717422194618,5000
adult,46,0.048059764976093114,5000
adult,47,0.053546262610501334,5000
adult,48,0.07875899957694152,5000
adult,49,0.048737354826006905,5000
adult,50,0.05481555257515874,5000
adult,51,0.0687010541171735,5000
adult,53,0.05061304839801239,5000
adult,54,0.05496298881549325,5000
adult,55,0.04145739604727148,5000
adult,56,0.05550389356858457,5000
child,1,0.038575659513645874,5000
child,2,0.05849469426023183,5000
child,4,0.025117364665941704,5000
child,5,0.028650692481788042,5000
child,6,0.06061269588092106,5000
child,8,0.037195450780802206,5000
child,9,0.05400786819229154,5000
child,10,0.03212061814329376,5000
child,11,0.04887301519872629,5000
child,12,0.05141337084237326,5000
child,13,0.04416699259797087,5000
child,15,0.04130406700594192,5000
child,16,0.01243940647612017,5000
child,17,0.03309383497882511,5000
child,18,0.031086925833866273,5000
child,19,0.01987444198623323,5000
child,20,0.01925709215213856,5000
child,21,0.022920758957341324,5000
child,22,0.04073446300406781,5000
child,23,0.026437300224143086,5000
child,24,0.03584929011411476,5000
child,25,0.026753453941331967,5000
child,26,0.0286535092557974,5000
child,27,0.011911825386908168,5000
child,28,0.032143650900468404,5000
child,29,0.019484874718115525,5000
child,30,0.02689986819884975,5000
child,31,0.028143631445210395,5000
child,32,0.041272318355427974,5000
child,33,0.02083841312751002,5000
child,34,0.048120674847054144,5000
child,35,0.025050580235465445,5000
child,36,0.06029583949453049,5000
child,37,0.028905352376199327,5000
child,38,0.028562926622388015,5000
child,39,0.022135705196804877,5000
child,40,0.026025588418682237,5000
child,41,0.0276723607196344,5000
child,42,0.039565027426572696,5000
child,44,0.03772890213658011,5000
child,45,0.0359216910190162,5000
child,46,0.025066803012392416,5000
child,47,0.03257884832144134,5000
child,48,0.04143306977465253,5000
child,49,0.026829771974966946,5000
child,50,0.04401987856114045,5000
child,51,0.04336012975125432,5000
child,53,0.028559581234421833,5000
child,54,0.022957593496985285,5000
child,55,0.0150818645136235,5000
child,56,0.022324955880947142,5000
adult,1,0.05778250212550478,6000
adult,2,0.07339427089497842,6000
adult,4,0.05378334281420698,6000
adult,5,0.05211442562215762,6000
adult,6,0.0995475116719673,6000
adult,8,0.06748373955050599,6000
adult,9,0.06206798126401763,6000
adult,10,0.05153866509628458,6000
adult,11,0.09852241848753053,6000
adult,12,0.07980266737115228,6000
adult,13,0.07127922386415722,6000
adult,15,0.08116340389455874,6000
adult,16,0.040803319900359375,6000
adult,17,0.05952944215487468,6000
adult,18,0.0441591177793806,6000
adult,19,0.038187915647495636,6000
adult,20,0.03971919051581645,6000
adult,21,0.05108126927306335,6000
adult,22,0.07327906675484863,6000
adult,23,0.035873530180453896,6000
adult,24,0.08233645076616326,6000
adult,25,0.06195091175121072,6000
adult,26,0.044805463416218015,6000
adult,27,0.03080610712234171,6000
adult,28,0.06774852627921847,6000
adult,29,0.040738004567085484,6000
adult,30,0.04261112845499512,6000
adult,31,0.04479668456788107,6000
adult,32,0.06817958918886485,6000
adult,33,0.04307892192260042,6000
adult,34,0.07301013261591967,6000
adult,35,0.052884325474607495,6000
adult,36,0.07805293000231661,6000
adult,37,0.06255047443150497,6000
adult,38,0.04671069796425584,6000
adult,39,0.041498279563662165,6000
adult,40,0.04931576161909989,6000
adult,41,0.05500489034836067,6000
adult,42,0.05072031338873435,6000
adult,44,0.03452985383045517,6000
adult,45,0.07156531112064374,6000
adult,46,0.04281393311396512,6000
adult,47,0.04505954922157887,6000
adult,48,0.07223041488175103,6000
adult,49,0.04475303347497256,6000
adult,50,0.05137509192481219,6000
adult,51,0.06392448159239933,6000
adult,53,0.04600017281156063,6000
adult,54,0.047298961810511964,6000
adult,55,0.03653867789259784,6000
adult,56,0.049994818356762706,6000
child,1,0.026728504913975916,6000
child,2,0.04601649186275077,6000
child,4,0.017606865811119716,6000
child,5,0.016730138227354658,6000
child,6,0.04654663200871308,6000
child,8,0.03096422409103198,6000
child,9,0.037923125338246454,6000
child,10,0.02784007493100177,6000
child,11,0.03961571733775301,6000
child,12,0.04104301917059545,6000
child,13,0.03330285644794444,6000
child,15,0.03422491412021823,6000
child,16,0.007889222162161874,6000
child,17,0.02346833179158213,6000
child,18,0.020477792059254,6000
child,19,0.012798509667639138,6000
child,20,0.01512519896717056,6000
child,21,0.01470784943952083,6000
child,22,0.02736342434594252,6000
child,23,0.016324013203281303,6000
child,24,0.03113482432058155,6000
child,25,0.02068198851818839,6000
child,26,0.022085016590926296,6000
child,27,0.00896458443389622,6000
child,28,0.02036949698373449,6000
child,29,0.01388600324154205,6000
child,30,0.020131871765565097,6000
child,31,0.020933503703314905,6000
child,32,0.030311689461664196,6000
child,33,0.015183552026664117,6000
child,34,0.037316696442888625,6000
child,35,0.019389306877475736,6000
child,36,0.04801368687802717,6000
child,37,0.02172988486916576,6000
child,38,0.021381225096657734,6000
child,39,0.014285091682613575,6000
child,40,0.018273451934917473,6000
child,41,0.021155146297485737,6000
child,42,0.03142400482893674,6000
child,44,0.025186106775584458,6000
child,45,0.031051104601361523,6000
child,46,0.017612313598216977,6000
child,47,0.02236106410904917,6000
child,48,0.03089459568396256,6000
child,49,0.02146750379387659,6000
child,50,0.03292650624675212,6000
child,51,0.03398137573498958,6000
child,53,0.023825756500662248,6000
child,54,0.012900897593460376,6000
child,55,0.012646824203009933,6000
child,56,0.019416128604044684,6000
adult,1,0.051055936998960584,7000
adult,2,0.06915408158133048,7000
adult,4,0.048243848540669106,7000
adult,5,0.04648304985707649,7000
adult,6,0.09233196440214582,7000
adult,8,0.06077405861850663,7000
adult,9,0.05515277675179751,7000
adult,10,0.0461254977870747,7000
adult,11,0.08556937216464437,7000
adult,12,0.0712695345120515,7000
adult,13,0.06093121783600056,7000
adult,15,0.07653115868549039,7000
adult,16,0.03523325012316295,7000
adult,17,0.05401704364204168,7000
adult,18,0.04117183627124991,7000
adult,19,0.034698356319689594,7000
adult,20,0.03496728437341923,7000
adult,21,0.04646110761004543,7000
adult,22,0.06226187937948533,7000
adult,23,0.03350508125940246,7000
adult,24,0.07617208119590949,7000
adult,25,0.05683178083672644,7000
adult,26,0.039337884993676984,7000
adult,27,0.028341513838752056,7000
adult,28,0.05855137793441529,7000
adult,29,0.03646904290116996,7000
adult,30,0.03783554969241436,7000
adult,31,0.0415466563387857,7000
adult,32,0.06184138177306051,7000
adult,33,0.03938630980224642,7000
adult,34,0.06783120173967004,7000
adult,35,0.045026967424868815,7000
adult,36,0.06914369543738155,7000
adult,37,0.054231943521889425,7000
adult,38,0.04149197822653035,7000
adult,39,0.03602681974831813,7000
adult,40,0.04309384081923003,7000
adult,41,0.05171198845670661,7000
adult,42,0.04438729808978202,7000
adult,44,0.028363238859867454,7000
adult,45,0.06548057662557759,7000
adult,46,0.04110359508014361,7000
adult,47,0.039920578143295,7000
adult,48,0.06483043741604072,7000
adult,49,0.04015711282415754,7000
adult,50,0.04924348905448486,7000
adult,51,0.05761226339932365,7000
adult,53,0.0418392519210237,7000
adult,54,0.039706431594050545,7000
adult,55,0.03342012482156302,7000
adult,56,0.04391589366742962,7000
child,1,0.01711323294333329,7000
child,2,0.03529054736229375,7000
child,4,0.012190404486626567,7000
child,5,0.014098085941600487,7000
child,6,0.0364859096671289,7000
child,8,0.025911930602327854,7000
child,9,0.029116071593227145,7000
child,10,0.02116122979074736,7000
child,11,0.03206454944336237,7000
child,12,0.02957822405150124,7000
child,13,0.025251213397479853,7000
child,15,0.027549802850572992,7000
child,16,0.005794234966470319,7000
child,17,0.0181896623977755,7000
child,18,0.01614976343322237,7000
child,19,0.010258618743199065,7000
child,20,0.011169069910905037,7000
child,21,0.011429923073936202,7000
child,22,0.019912587333966628,7000
child,23,0.015494162417085858,7000
child,24,0.02655774536902475,7000
child,25,0.016813448180283498,7000
child,26,0.015218869473649806,7000
child,27,0.006678311898644063,7000
child,28,0.01304286819378659,7000
child,29,0.011130926551060318,7000
child,30,0.015998833271596,7000
child,31,0.016491066926978583,7000
child,32,0.023138619981082544,7000
child,33,0.012146253454524544,7000
child,34,0.029641932054252848,7000
child,35,0.011028446448053529,7000
child,36,0.037798692292184626,7000
child,37,0.01600222542660781,7000
child,38,0.015854443396389646,7000
child,39,0.010823935791948888,7000
child,40,0.013113945898605227,7000
child,41,0.014061603016273775,7000
child,42,0.023537198815249093,7000
child,44,0.021428880434948963,7000
child,45,0.020386257702613982,7000
child,46,0.013257120044815343,7000
child,47,0.01644693208438077,7000
child,48,0.0228891100430897,7000
child,49,0.01607921527935307,7000
child,50,0.02534728256351195,7000
child,51,0.027111112825098007,7000
child,53,0.017786520948747348,7000
child,54,0.008387103158625737,7000
child,55,0.006864641044366909,7000
child,56,0.015593009413463876,7000
adult,1,0.04295530176922656,8000
adult,2,0.06539866192264855,8000
adult,4,0.044000286216925914,8000
adult,5,0.04205255964650744,8000
adult,6,0.08598250211490262,8000
adult,8,0.056976606002664666,8000
adult,9,0.051837807492657886,8000
adult,10,0.04258082963974158,8000
adult,11,0.07943988027120477,8000
adult,12,0.0653899686328383,8000
adult,13,0.056389203362716744,8000
adult,15,0.07201163389404258,8000
adult,16,0.033409667710144836,8000
adult,17,0.050323905538470236,8000
adult,18,0.0370095569031893,8000
adult,19,0.031995648608896345,8000
adult,20,0.029961451078933513,8000
adult,21,0.04192743936542912,8000
adult,22,0.05676600426498579,8000
adult,23,0.029533377429723274,8000
adult,24,0.07228463982841225,8000
adult,25,0.05256385195983683,8000
adult,26,0.03476317229250562,8000
adult,27,0.025228823664502343,8000
adult,28,0.05111515784486582,8000
adult,29,0.03361249415208728,8000
adult,30,0.03392542448632553,8000
adult,31,0.03835793004146785,8000
adult,32,0.05656720652113528,8000
adult,33,0.03695164923486502,8000
adult,34,0.06390971916912619,8000
adult,35,0.037815939161850075,8000
adult,36,0.06436426041769762,8000
adult,37,0.04947238222802988,8000
adult,38,0.036565794974227656,8000
adult,39,0.031918963736226796,8000
adult,40,0.037522838345099875,8000
adult,41,0.04756494608835612,8000
adult,42,0.041569266955126444,8000
adult,44,0.025991170828524778,8000
adult,45,0.05946031762761317,8000
adult,46,0.037748496519585985,8000
adult,47,0.03573158515535827,8000
adult,48,0.059127641428982934,8000
adult,49,0.03770182167244633,8000
adult,50,0.04453393458044634,8000
adult,51,0.053653354775431435,8000
adult,53,0.038771792799777535,8000
adult,54,0.03299132872952382,8000
adult,55,0.030888932769754567,8000
adult,56,0.0392822072719073,8000
child,1,0.011778450121199468,8000
child,2,0.026892063241333624,8000
child,4,0.010148543588631029,8000
child,5,0.008138906063259007,8000
child,6,0.027691883328472885,8000
child,8,0.02090659543304881,8000
child,9,0.02339113111804887,8000
child,10,0.01866945146483939,8000
child,11,0.02784379120133327,8000
child,12,0.0215730336130535,8000
child,13,0.016768222082153197,8000
child,15,0.020564169094629613,8000
child,16,0.0035919219016695234,8000
child,17,0.011552798536177508,8000
child,18,0.013417287277072164,8000
child,19,0.00808231483829795,8000
child,20,0.006090368293894582,8000
child,21,0.008294451890302293,8000
child,22,0.01176020134172972,8000
child,23,0.01102693580285278,8000
child,24,0.02258076165640135,8000
child,25,0.014654308051985861,8000
child,26,0.01066459292915179,8000
child,27,0.0052121668236801925,8000
child,28,0.007927066198660744,8000
child,29,0.007207622428235734,8000
child,30,0.01370808122097614,8000
child,31,0.012317571368748467,8000
child,32,0.01526404434708464,8000
child,33,0.009254506734231402,8000
child,34,0.02259459965328035,8000
child,35,0.007177065386241731,8000
child,36,0.03177105634369259,8000
child,37,0.010499217374573782,8000
child,38,0.01222149658610157,8000
child,39,0.007988060220812165,8000
child,40,0.008899898649798085,8000
child,41,0.012188458227135088,8000
child,42,0.015130800302942369,8000
child,44,0.012484035614230744,8000
child,45,0.013519532836690032,8000
child,46,0.011091194560735613,8000
child,47,0.010237065254826455,8000
child,48,0.016170364395063905,8000
child,49,0.01297431055491898,8000
child,50,0.01837459808307971,8000
child,51,0.019451408240961542,8000
child,53,0.012121243747334764,8000
child,54,0.004072059839636523,8000
child,55,0.005816345032504556,8000
child,56,0.011207510078690239,8000
adult,1,0.03877184797791797,9000
adult,2,0.06056304520321265,9000
adult,4,0.03897769571191331,9000
adult,5,0.037244439383529074,9000
adult,6,0.08038063018454035,9000
adult,8,0.052104266772493794,9000
adult,9,0.048608889535712484,9000
adult,10,0.04008915865775396,9000
adult,11,0.07236279344738719,9000
adult,12,0.059820647956799124,9000
adult,13,0.05284994190455586,9000
adult,15,0.06789934488214597,9000
adult,16,0.02987267994414586,9000
adult,17,0.04601621611849823,9000
adult,18,0.03359724802187987,9000
adult,19,0.02942204168273169,9000
adult,20,0.0267274651960869,9000
adult,21,0.0376592874103902,9000
adult,22,0.05110859254976788,9000
adult,23,0.02662909119892676,9000
adult,24,0.06768956577495572,9000
adult,25,0.04815263020027382,9000
adult,26,0.032238517227061836,9000
adult,27,0.023496042679455792,9000
adult,28,0.042843875311896984,9000
adult,29,0.03195343990789115,9000
adult,30,0.030614152834545206,9000
adult,31,0.03664277424961501,9000
adult,32,0.05202888970444331,9000
adult,33,0.03564414849283697,9000
adult,34,0.0610838519587054,9000
adult,35,0.03290857460632104,9000
adult,36,0.05981866480351457,9000
adult,37,0.04543090238623329,9000
adult,38,0.03345755066415855,9000
adult,39,0.02887498926431496,9000
adult,40,0.0347419522108531,9000
adult,41,0.04307107198139795,9000
adult,42,0.038604541943431686,9000
adult,44,0.024183306569489672,9000
adult,45,0.05286531715686192,9000
adult,46,0.03575973450394758,9000
adult,47,0.03123393867283598,9000
adult,48,0.054131678097073414,9000
adult,49,0.03467881845600819,9000
adult,50,0.041598489586570864,9000
adult,51,0.050238108443619985,9000
adult,53,0.036126071599497836,9000
adult,54,0.028887952416059938,9000
adult,55,0.027943861681001343,9000
adult,56,0.03661197754981636,9000
child,1,0.006448198708519584,9000
child,2,0.01890572630732415,9000
child,4,0.005674640560536091,9000
child,5,0.006612370953916598,9000
child,6,0.021555875906869894,9000
child,8,0.015380530603833712,9000
child,9,0.015850611080561922,9000
child,10,0.013608142791253419,9000
child,11,0.018855966858256284,9000
child,12,0.015346710291976547,9000
child,13,0.011064279067744981,9000
child,15,0.018864862350340243,9000
child,16,0.0032435655683196248,9000
child,17,0.009097769882333342,9000
child,18,0.010067090351718749,9000
child,19,0.005360186833292906,9000
child,20,0.006090368293894582,9000
child,21,0.0016556991854811214,9000
child,22,0.007578127753116125,9000
child,23,0.0080377770143513,9000
child,24,0.019545650438752067,9000
child,25,0.010294153301969273,9000
child,26,0.006816481627605503,9000
child,27,0.003678317167918428,9000
child,28,0.0027008420615161613,9000
child,29,0.005599061507741881,9000
child,30,0.010906214356318139,9000
child,31,0.01021893699041605,9000
child,32,0.010425878699530714,9000
child,33,0.007858232418570282,9000
child,34,0.016024880093192126,9000
child,35,0.005561959986153969,9000
child,36,0.02422330834509678,9000
child,37,0.008538549770764613,9000
child,38,0.00994406272805665,9000
child,39,0.0046480443403299826,9000
child,40,0.0071319553459776,9000
child,41,0.008534280987555808,9000
child,42,0.011484229739149285,9000
child,44,0.007240181209105393,9000
child,45,0.010321432682810277,9000
child,46,0.007310376955352129,9000
child,47,0.005972646242833043,9000
child,48,0.011695448450617195,9000
child,49,0.009254966937736097,9000
child,50,0.013265166720400387,9000
child,51,0.015774831887818697,9000
child,53,0.009565506705242281,9000
child,54,0.001955476451427328,9000
child,55,0.004237819185387878,9000
child,56,0.00876549376401033,9000
adult,1,0.03386909561651594,10000
adult,2,0.058945886864726675,10000
adult,4,0.03593067312874791,10000
adult,5,0.03295412096782583,10000
adult,6,0.07583796682436983,10000
adult,8,0.04917863212680559,10000
adult,9,0.04481964378218912,10000
adult,10,0.03774830895042423,10000
adult,11,0.066843862726364,10000
adult,12,0.05509859234680271,10000
adult,13,0.0468117603282012,10000
adult,15,0.06424058693257743,10000
adult,16,0.02892919035085495,10000
adult,17,0.042703564529749334,10000
adult,18,0.030492739765885464,10000
adult,19,0.028674907111530652,10000
adult,20,0.024380292451557442,10000
adult,21,0.031617639165157384,10000
adult,22,0.045579232032845404,10000
adult,23,0.024384033683810827,10000
adult,24,0.06587625710575652,10000
adult,25,0.04440638134125815,10000
adult,26,0.029962297482367745,10000
adult,27,0.022650050420381714,10000
adult,28,0.03638766637839642,10000
adult,29,0.02899849431072194,10000
adult,30,0.028058723132978754,10000
adult,31,0.03379964632895851,10000
adult,32,0.046325611324662105,10000
adult,33,0.03454812459627196,10000
adult,34,0.05858932556473465,10000
adult,35,0.02855137996874295,10000
adult,36,0.054895272724260064,10000
adult,37,0.03993835421142957,10000
adult,38,0.03140970107430157,10000
adult,39,0.026135321848427363,10000
adult,40,0.031093299330668445,10000
adult,41,0.041869206208917764,10000
adult,42,0.03574778021872316,10000
adult,44,0.021384512760343432,10000
adult,45,0.04807109935930614,10000
adult,46,0.03222401218258505,10000
adult,47,0.027480295552331363,10000
adult,48,0.049890011189996045,10000
adult,49,0.032768800156979375,10000
adult,50,0.03986747672484207,10000
adult,51,0.04785700932821063,10000
adult,53,0.03434604576700244,10000
adult,54,0.025431532068308463,10000
adult,55,0.026125094033641248,10000
adult,56,0.03320266480096621,10000
child,1,0.004013304047044868,10000
child,2,0.013174926531180596,10000
child,4,0.005145538697424132,10000
child,5,0.006612370953916598,10000
child,6,0.016140374383268957,10000
child,8,0.012235571567044596,10000
child,9,0.00878491773169277,10000
child,10,0.012838969875373947,10000
child,11,0.015562957445033379,10000
child,12,0.010934673672919625,10000
child,13,0.007412817517163005,10000
child,15,0.01518958901517426,10000
child,16,0.0028563707702732428,10000
child,17,0.006107039692978686,10000
child,18,0.006744468408501227,10000
child,19,0.004785137104571024,10000
child,20,0.0041288922526640775,10000
child,21,0.0011650906687384701,10000
child,22,0.004847359928633439,10000
child,23,0.00581729244948632,10000
child,24,0.016826559727658095,10000
child,25,0.008518198277196888,10000
child,26,0.005950284671767507,10000
child,27,0.0041363396869660415,10000
child,28,0.001538819131628637,10000
child,29,0.005599061507741881,10000
child,30,0.00907020158761027,10000
child,31,0.007609724800003649,10000
child,32,0.007279720475262736,10000
child,33,0.007251967175058277,10000
child,34,0.013669304053393604,10000
child,35,0.001746203789742797,10000
child,36,0.019510242722821352,10000
child,37,0.00696074959699045,10000
child,38,0.00685105587348894,10000
child,39,0.004033973679985283,10000
child,40,0.0048941308733829875,10000
child,41,0.0066344677548550056,10000
child,42,0.008960064434258296,10000
child,44,0.006481821316593018,10000
child,45,0.007080599936676656,10000
child,46,0.005461514018547002,10000
child,47,0.005109746019153107,10000
child,48,0.009651391172635963,10000
child,49,0.006715133566334991,10000
child,50,0.011218543247077386,10000
child,51,0.013085638867998878,10000
child,53,0.005049405227181364,10000
child,54,0.001955476451427328,10000
child,55,0.002186898596120641,10000
child,56,0.007142200181038496,10000
adult,1,0.02944866487276484,11000
adult,2,0.05546520671085554,11000
adult,4,0.03211954127358589,11000
adult,5,0.027696054386860947,11000
adult,6,0.07319638374861893,11000
adult,8,0.04608003629756907,11000
adult,9,0.04405720505074419,11000
adult,10,0.03697531062236438,11000
adult,11,0.06266421100980034,11000
adult,12,0.051782798998380064,11000
adult,13,0.04251752202471454,11000
adult,15,0.06220361905022764,11000
adult,16,0.0265514235905025,11000
adult,17,0.0401218347127482,11000
adult,18,0.02808132367632827,11000
adult,19,0.02471493065765121,11000
adult,20,0.02220909062529168,11000
adult,21,0.025927351298410416,11000
adult,22,0.03841549532417523,11000
adult,23,0.02312608253950627,11000
adult,24,0.06614820642779605,11000
adult,25,0.043075838549363886,11000
adult,26,0.02569140600320448,11000
adult,27,0.021911164986472484,11000
adult,28,0.031207104288350718,11000
adult,29,0.02606623222647391,11000
adult,30,0.027049062673899497,11000
adult,31,0.03323754729793487,11000
adult,32,0.044893595336900634,11000
adult,33,0.03386032255731885,11000
adult,34,0.05639654238884602,11000
adult,35,0.025803737399190584,11000
adult,36,0.05230017017153654,11000
adult,37,0.035475569478712735,11000
adult,38,0.028666615202568715,11000
adult,39,0.023895910867893912,11000
adult,40,0.029344728072890337,11000
adult,41,0.039730457374799896,11000
adult,42,0.03239668003899925,11000
adult,44,0.02005029383416086,11000
adult,45,0.04532820760223783,11000
adult,46,0.02820371840563549,11000
adult,47,0.024222368011484495,11000
adult,48,0.045649536021469816,11000
adult,49,0.031053971795886887,11000
adult,50,0.03685453560225262,11000
adult,51,0.04607183718635481,11000
adult,53,0.03292368685816009,11000
adult,54,0.02295544478620269,11000
adult,55,0.024911772881016873,11000
adult,56,0.030693622022678762,11000
child,1,0.002917527962936627,11000
child,2,0.009591852396686482,11000
child,4,0.004142928237893362,11000
child,5,0.006097565378417988,11000
child,6,0.012740366274260069,11000
child,8,0.00990823146058484,11000
child,9,0.008468603034671004,11000
child,10,0.010447007882061024,11000
child,11,0.013365933140761411,11000
child,12,0.007916581926524105,11000
child,13,0.0038773975325868404,11000
child,15,0.013864862405081014,11000
child,16,0.002100816707059293,11000
child,17,0.00450370768144442,11000
child,18,0.0060070572770195355,11000
child,19,0.004785137104571024,11000
child,20,0.0024624364372171454,11000
child,21,0.0011650906687384701,11000
child,22,0.003521443786718461,11000
child,23,0.00581729244948632,11000
child,24,0.012737633219194276,11000
child,25,0.006714102841511729,11000
child,26,0.005357536617443353,11000
child,27,0.0041363396869660415,11000
child,28,0.0011234807687145589,11000
child,29,0.0036770814595568557,11000
child,30,0.007867377669508745,11000
child,31,0.005960707947881272,11000
child,32,0.003479854617931271,11000
child,33,0.007251967175058277,11000
child,34,0.010062305702243195,11000
child,35,0.0006462512261466107,11000
child,36,0.015348780383696223,11000
child,37,0.0047206220219648135,11000
child,38,0.006411635284993367,11000
child,39,0.003434061314875921,11000
child,40,0.0027361982483347334,11000
child,41,0.0065149776655538125,11000
child,42,0.006448394427493823,11000
child,44,0.0012897214351188047,11000
child,45,0.004844523838318632,11000
child,46,0.0037232785868974135,11000
child,47,0.0023902093845181126,11000
child,48,0.008021914003712662,11000
child,49,0.006076010903728302,11000
child,50,0.009191235234391708,11000
child,51,0.010155632674878937,11000
child,53,0.004704402134696169,11000
child,54,0.0006902912979798126,11000
child,55,0.002186898596120641,11000
child,56,0.006105216742584509,11000
